Id,Predicted
T001,0.8550704921919298
T002,0.730630029424228
T003,0.26409995425455224
T004,0.303952372957947
T005,0.4641100687902961
T006,0.17635876013701263
T007,0.34309781289181945
T008,0.2659840945156572
T009,0.25308533624659824
T010,0.16651844689027856
T011,0.10578521207928213
T012,0.41023654395056897
T013,0.2719360227033203
T014,0.4303432733092988
T015,0.19012201889480318
T016,0.23745174133292854
T017,0.14914213395157433
T018,0.8837806878679672
T019,0.5419464084984413
T020,0.12309123219667839
T021,0.1987453707520235
T022,0.23527549457049218
T023,0.7754311134735488
T024,0.727507167077021
T025,0.22589439202609504
T026,0.12709883334632707
T027,0.31733092792414286
T028,0.6155270054078558
T029,0.25478777053599866
T030,0.12520727365561685
T031,0.5781723730854761
T032,0.4347982597343645
T033,0.833891491898093
T034,0.1351215836054048
T035,0.7697890909908154
T036,0.12195845172867378
T037,0.4307637254344424
T038,0.834629407482806
T039,0.7695536003287702
T040,0.3751182509335631
T041,0.6264111184132816
T042,0.8309728766216707
T043,0.7267898004219001
T044,0.13797187626713225
T045,0.652099926579601
T046,0.8877004722349193
T047,0.31746616931241534
T048,0.1434064145662739
T049,0.2017118507884498
T050,0.9041000742666239
T051,0.3251958281395105
T052,0.732559439355121
T053,0.2310429824681497
T054,0.8290268954034932
T055,0.28791118777156494
T056,0.15657456993921987
T057,0.7017786795328789
T058,0.1568340068887958
T059,0.10422415743691282
T060,0.5087897532448593
T061,0.1354055970915809
T062,0.8670934227436323
T063,0.6892870491896808
T064,0.8675799705378818
T065,0.39558185009322344
T066,0.8889790760029381
T067,0.7962460434622243
T068,0.44302487601835655
T069,0.5070964161426451
T070,0.175051892629651
T071,0.6451355120157688
T072,0.7452641560830553
T073,0.07561816400149823
T074,0.14585325943670502
T075,0.7956989301406011
T076,0.2710658334824785
T077,0.5924096589848002
T078,0.793256829148181
T079,0.6118735276351437
T080,0.881023697211436
T081,0.14903675017554224
T082,0.18166844970303586
T083,0.22557917734192565
T084,0.12602169294374269
T085,0.8672923917608124
T086,0.12665235236229005
T087,0.682451920460803
T088,0.32433641144429515
T089,0.8889343788622572
T090,0.2768831523081704
T091,0.20089500249911013
T092,0.1204788599293419
T093,0.8024721767589144
T094,0.34930883180137395
T095,0.7586316440853998
T096,0.7904693397945216
T097,0.8155622827866427
T098,0.12138057264459312
T099,0.5585124217305475
T100,0.8786863073246899
